{"cameraMode":{"drawMode":0,"name":"Shaded","section":"Shading Mode"},"sceneLighting":true,"audioPlay":false,"sceneViewState":{"m_AlwaysRefresh":false,"showFog":true,"showSkybox":true,"showFlares":true,"showImageEffects":true,"showParticleSystems":true,"showVisualEffectGraphs":true,"m_FxEnabled":true},"in2DMode":false,"pivot":{"x":38.4005126953125,"y":3.8608813285827638,"z":26.35621452331543},"rotation":{"x":-0.24912111461162568,"y":-0.018306542187929155,"z":0.004713938105851412,"w":-0.9683223366737366},"size":0.9753285050392151,"orthographic":false}